begin,petition_idx,title,summarize
2020-02-28,585884,마스크를 주민센터 세대명부대로 공급해 주세요,"이런 비상시국에 마스크를 제때 공급받지 못해서 번호표 받고 새벽부터 줄서고, 
어르신들은 계속 통화중인 전화로 과연 제대로 공급받을 수 있을까요. 
본인이 속해있는 등본의 세대명대로 주민센터 통해 가족수 대로 공급받으면 
불안감도 사재기도 사라지고 누구나 안정적인 방법으로 살 수 있고 온라인 오프라인으로 접속하고 줄서는 일도 없을 것이라 생각됩니다. 
시청에 전화로 건의했더니 공공기관에서는 판매할 수 없다고도 하시는데 
그러면 주민세에 얹어서 과세하시든지 얼마든지 이런 비상시국에는 규정에서 조금 벗어나더라도, 
모든 국민이 마음 편하게 마스크라도 공급받을 수 있도록 공무원 여러분들이 수고스럽더라도 애써 주시기를 바라며 글을 올립니다."
2020-03-02,586034,마스크판매에 대한 제안,"주간에 없는 사람들은 분배받기가 어려울수 있습니다.',
 '다른 약국에서는 더 이상 사재기할 수 없도록 한다면 못 살거라 불안할 필요없고 줄 설 필요도 없으며 '"
2020-04-14,588078,초중고 가정에도 돌봄쿠폰지급해주세요,우리나라에 어린이는 8세 이하이고 그부모들만 혜택을 받아야합니까?'
2020-05-06,588628,내 아이를  위해  덴탈마스크도  공적마스크로 풀어주세요,"코로나 터지기전 94마스크 20매2박스를 2만원도 안되는 가격에 샀습니다.',
 '개학이 발표되고 아이들을 위해 엄마들은 인터넷에서 더 헤어나질 못하고 있습니다.',
 '공적 마스크 남아 돈다고 합니다.'"
2020-06-03,589456,코로나 확산 전시회를 중단해 주세요 (6월 코엑스 전시회),주체측에서는 방역에 만반을 다해 문제가 없다고 하는데 밀폐된 장소에 많은 사람들이 모이는 점과 코엑스(삼성역)가 많은 유동인구가 있다는 점을 고려하면 코로나가 재확산되는 현 상황에서 이런한 대규모의 사람들이 모이는 전시회를 진행하는 것은 매우 적절하지 않다고 보입니다.'
2020-07-03,590346,선원들은 바이러스가 아닙니다. 무조건 14일 자가격리가 아닌 합리적인 조치를 바랍니다.,"이렇게 우리 선원들은 떠다니는 감옥에 수감된 것마냥 외부와 단절되었지만 우리가 뚫리면 대한민국이 뚫린다는 생각으로 감내해왔고 선상에서 걸리면 죽는다는 생각으로 그 누구보다 철저한 방역 체계를 구축하고 있었습니다.',
 '검역의 허술함에 대한 강화 방안이나 허위 보고에 대한 강한 처벌과 같은 인과 관계가 명확한 대책이 마련되어야하나 검역관이 없고 그 많은 선박을 다 올라갈 수 없으니 하선한 선원들은 자가격리 해야된다고 현재 정부나 부산시는 엉뚱한 대책을 마련하였습니다.',
 '코로나 대응지침상 연차 휴가 강제 소진 불가하다고 나와있지만 선원들은 해당 사항 없습니다.',
 '우리 한국 선원들은 선상에서 그 어떠한 곳보다 방역 체계를 확실하게 구축하고 있습니다.',
 '게다가 승선자는 14일간 선상에서 별도로 생활 공간을 만들어서 생활하게 하고 승선하는 모든 작업자에 대해서 발열 체크 및 2m 거리두기를 철저히 시행하고 있습니다.',
 '그래서 철저한 방역 체계를 구축하고 운영하고 있습니다.',
 '매일같이 수많은 선박에 승선하는 도선사들이나 선박의 수리를 위해 승선하는 작업자들은 코로나 검사나 어떠한 안전조치 없이 올라와 선내에 승선하고 있는 선원들을 불안에 떨게 방치하면서 이미 오랜 기간(항해일수 14일이상) 동안 항해하고 온 선원들에게 추가 자가격리를 요구하는 것은 너무나도 부당한 처사입니다.'"
2020-08-20,591815,코로나 역학조사 명확히해주세요,이렇게 청원을 하는 이유는 원주시의 아니한 조사와 시민들의 민원대응 코로나 확진 불확실한 동선입니다 타지역과 확연히 비교가 됍니다 사람들에게 더 전파가되고 더 확진이되고 죽어나가야 원주시는 정확한 경로를 공지 할건가요?'
2020-09-15,592818,2차 재난지원금 문제점......,"수급자, 차상위 계층에게 마스크 10장이나 주고 추석을 잘 지내라 하시면서 막무가내로 통신비 대납으로 대기업에 부가가치 창출하는 이런 무식한 발상은 도대체 누가 한것입니까??',
 '이낙연 대표가 했다고 하는데, 이 대표님은 시장상인들과 만나는 자리에서 저소득층(수급자, 차상위)에게 지급하겠다고 약속해 놓고 본인이 그 돈을 가져다가 통신 대기업 부가가치 발생시키고 무슨 지역경제가 살려지겠습니까?',
 '3. 수급자, 차상위계층이 잘 못 뭉치고 표가 안되니, 이렇게 막대하는 줄 잘 압니다.'"
2020-10-07,593282,부산광역시 코로나 확진자동선공개 투명하게 해주세요,"왜 그러는지 이유는 도통 모르겠으나 시민들의 빗발치는 항의에도 무시하고 동선공개를 안하고 시민들을 기만하고 있습니다.',
 '시민들을 기만하고 불안에 떨게하고 있습니다.'"
2020-11-20,594097,코로나로 인한 웨딩홀 인원제한 불합리 고쳐주세요.,"다만, 이러한 코로나 시점에서 현실과 다소 동떨어진 정책이 저희를 더욱 힘들게 하고 있습니다.',
 '인원만 강제로 제한하고, 그에 따라 웨딩홀의 대응방안에 대해서는 가이드라인만 제공하니 발생하는 문제입니다.',
 '이러한 장소는 마스크를 쓰기만 하면 제한없이 유지가 되고 있습니다.'"
2020-12-23,594953,손해보험사  비정규직  설계지원 매니저 재택근무 강제화,"출근시 마스크착용, 열체크와 손소독을 시행하는 곳은 극히 몇개 될지 모르며, 대면 영업을 하고 있는 보험사 법인사무실들이 코로나19 전염 매개체가 되고 있는 현실입니다.',
 '코로나19 전염된지도 모르고 일주일간 매일 다른지역 법인사무실로 방문 지원갔다가 저와 접촉한 근무자들 모두 자가격리대상자로 만들고 경제적 활동을 할 수 없게 만들었다는 비난을 받았고, 다행히 접촉자 모두 음성판정으로 더 큰 비난은 면했지만, 평소 면역력이 약한 저혼자만 양성확진받은 억울함을 어디에 호소할데가 없어서, 저같은 설계지원 매니저들이 발생되지 않도록 정부에서 비정규직 자들도 재택근무 할 수 있는 제도를 만들어 주시기 바랍니다.'"
2021-01-20,595854,마스크를 낄 수 없는 발달장애인에게 우선적으로 코로나19 예방접종을 실시해주세요,"그런데 코로나 19로 인해 더 이상 복지관 등원을 하지 못 하는 상황이 되었다가 마스크 착용 시에는 등원 가능하다는 이야기를 들었으나 저희 아이는 불가능하기에 자연히 가정 돌봄을 하는 상황입니다.',
 '코로나 걱정으로 인해 아이와 저, 그리고 다른 가족들까지 지금까지 집에서 갇혀서 생활을 하다보니 아이 본인은 물론이고 우리 가족은 지치고 고통스러운 생활을 하고 있습니다.',
 '코로나19 백신이 곧 나오게 된다고 합니다.',
 '대통령님, 저의 바람은 백신이 나오게 된다면 저희 아이와 같은 장애우들에게 우선적으로 접종할 수 있는 기회를 주셔서 저희 아이 그리고 가족이 사회에 참여할 수 있는 권리를 보장해주길 간곡히 부탁드립니다.'"
2021-02-08,596340,실내체육시설(격렬한GX) 코로나 방역대책 건의,코로나 예방에 마스크 착용의 중요성을 누구나 알고 있는 이 시기에 집단감염의 원인을 논리에도 잘 맞지 않는 3밀을 적용하여 이에 해당되는 업종을 찾아 제재만 하려 하지 마시고 그 업종에서 마스크를 내리지 못하게 하는 강력한 방역대책을 만들어 시행해 주셨으면 좋겠습니다 (예) 버스 지하철의 마스크 미착용 신고 제도를 확대하여 실내체육시설이나 기타 업종 등에도 적용하고 이를 위반 시 강려한 처벌 실시 다 같이 힘들고 어려운 이 시기에 항상 생각하고 힘써주시는 거 잘 알고 있습니다.'
2021-03-22,597092,코로나19 거리두기 체계 개선해주세요 (코로나19 전쟁의 승리),"자영업자•특정 업종 영업제한 정지, 모임 금지(이동 제한)를 시키는 것이 아니라, 거리두기단계에 따른 다중이용업소, 집합시설, 공공시설 등의 방역수칙(마스크쓰기, 사회적거리두기)을 위반한 방역위반자에게 과태료(벌금)를 단계에 따라 10만원(1단계), 50~100만원(2단계), 100~300만원(3단계) 부과한다.',
 '방역위반자의 방역수칙 과태료 규제 3단계 이후에 + 집합시설 1단계부터 (집합시설 제한은 2~3단계로 확실하고 짧게 효과를 보도록 한다.) - 현재의 사회적거리두기 단계 2~2.5단계 정도 확진자 기준이 방역위반자 방역수칙 과태료 규제 3단계에 해당하는 정도로 한다.'"
2021-04-27,597959,방역수칙을 위반하고 코로나 바이러스를 부대내에 전파 시킨 *훈련 비행단 *** 단장을 고발합니다.,"그런데 한 비행단의 단장이라는 사람이 고작 축구 하나 때문에 본부의 방역 수칙을 위반하고 마스크를 벗어 던지고 5인 이상 집합 금지 명령도 어겨 버리고 축구를 하는 이 행동이 과연 정의롭고 의로운 행동이었는지 묻고 싶습니다.',
 '병사들은 5인 이상 집합 금지 명령 때문에 담배조차 피지 못하고 생활관에서까지 마스크를 끼며 방역 수칙을 지키고 있는데 왜 단장은 계급이 높다는 이유로 당당하게 방역 수칙을 어기는 겁니까?'"
2021-05-17,598448,자가검사키트 의료보험이나 국가지원 검토해주세요,"현재 우리나라 코로나 확진자는 줄어들지 않고 500~700명대 계속 유지하고 있습니다.',
 '학교를 보내는 학부모들도 불안하고 아이들이 걸리면 학교는 물론이고 가족까지 퍼지게 됩니다.',
 '아침에 목아프고 미열이 난다고 보건소를 가려고 회사쉬고 검사 받으러 가는 사람이 있기나 할까요?',
 ""무증상자가 '아~심심한데 PCR이나 받으러 가자' 합니까?"",
 '자가검사 키트의 의료보험 적용이나 국가지원으로 접근성을 편하게 해줘서 널리 보급되게 해주셨음 합니다.'"
2021-06-01,598791,방역을 위해 마스크 필착용 기간을 늘려주세요!,"저희가 알기로는 현재 7월부터 1차 접종만으로 공원, 등산로 등 야외에서 2M간격을 두지 않아도 마스크를 벗을 수 있다고 정부에서 발표한 것으로 알고 있습니다.',
 '학생들도 아무리 야외에서만이라도 마스크를 벗을 수 있다고 하지만 굉장히 위험하며 성급한 결정이라고 생각합니다.'"
2021-07-13,599782,이제 마스크 벗을 때가 되었습니다.,"그동안 현명하고 충성스런 국민들이 방역에 헌신적으로 참여하여 긴 시간 동안 어디를 가던 마스크를 끼고 살아, 마스크가 얼굴에 동화되어 한 부분이 되었고, 마스크를 벗으면 마치 속옷을 벗고 다니는 것 같은 부끄럽고 어색함을 느끼는 일종의 착란을 경험하고 있으며, 또 끼지 않으면 안 될 것 같은 강박에 시달리고, 또 끼지 않은 사람을 ‘기피’하는 정도가 아니라 극도로 ‘혐오’하여 마스크를 강제로 씌우는 지경까지 되었습니다.',
 '우리 국민처럼 철저히 마스크 쓰는 나라는 세계에 없는데, 그럼에도 불구하고 연일 확진자가 수백 수천 명 나오는 것은 마스크가 별 효과가 없다는 실증이 아니겠습니까?',
 '그동안 코로나에 대한 지식도 많이 갖게 되었습니다.',
 '이제 마스크를 벗을 때가 되었습니다.'"
2021-08-27,600874,PCR선제검사 행정명령 처분철회부탁드립니다,"그리고 회사.공무원.관공서.은행 등 마스크 제대로쓰지않고 응대하는 관공서직원조차 마스크를 입만가리고 뒤에 앉아있으신분들은 벗어있는모습도 보았습니다 지금은 어디에서 나올지 모르는 상황입니다 왜 마스크도 벗지않는 학원을 마치 잠재적 범죄자취급을 하는지 이해할수없습니다 또 부산시장님 행정명령 내리시고 사적모임가서 기사에 나오지요 부산사는사람으로써 참 부끄럽습니다 행정명령내린사람이 저렇게 돌아다닌다는것이 어느 누구도 이해못할상황입니다.',
 '학원 PCR 선제 검사 행정명령 2주마다 시행해야 하는 것 없애주세요.',
 '이런 식의 PCR 검사는 효용가치가 없으며 불안만 초래하는 상황입니다.'"
2021-10-26,601956,비합리적이고 강압적인 실내체육시설 등에 관한 백신패스 폐지를 간곡히 청원합니다,"마스크를 잘 쓰고 방역수칙 잘 지키며 이용하는 실내체육시설에 대해서는 유흥시설과 같이 엄격하게 백신패스를 요구하면서 마스크벗고 대화하고 음식을 공유하는 식당 카페 등의 시설에서는 인원 완화에 백신패스도 없다니 정말 납득하기 어렵습니다.',
 '정리하면 오늘 발표된 조치는 아래와 같은 부작용을 초래합니다 ㅡ백신을 맞지 못하거나 건강상의 이유로 맞지 안/못하는 사람들에 대한 차별 ㅡpcr 검사 증가로 인한 무의미한 pcr검사 행정력 보건인력 낭비 ㅡ돌파감염 및 마스크 미착용 식당 및 카페 등에서 발생하는 코로나감염은 생각하지않고 일부 업종에만 희생을 강요하는 행태 , 형평성 문제 ㅡ실내체육시설 이용자 중 미접종자에 대한 환불 및 연장 등에 관련한 처리문제 ㅡ위드코로나로 생길 코로나 감염증가로 인한 이 조치의 장기화 가능성.'"
2021-11-18,602378,백신패스를 완화하라! 백신패스는 손님패스입니다.,"술마시고 음식을 먹는 사람들은 마스크 벗는데 백신패스 미적용 실내체육시설은 마스크 쓰는데 적용 합리적입니까?',
 '오히려 실내체육시설은 10시이후 금지보다 더 영업손실이 크다는 것을 알았으면 합니다.'"
2021-12-07,602789,제발 아이들 등교중지와 백신접종 중지해주세요,'코로나로부터 아이들을 지켜주세요 제발 부탁드려요 지칠때로 지쳐있는 코로나로 인한 나날들..저희 아이들에게는 더이상 매일 마스크를 써야하는 고통 말고도..더이상 겪고싶지도..겪지않아도 되는..겪지말아야할..겪어서도 안될..'
2020-01-17,584517,응급의료종사자의 ‘호출대기근무’ 에 대한 적절한 보상을 요구합니다.,"호출대기를 하는 상황에는 병원에서 일정거리(병원으로부터 30분 거리) 이상 벗어날 수 없는 등의 거리적 제한이 주어지지만 해당 거리 이내에서는 비교적 자유로이 행동할 수 있다는 점을 들어 사용자의 관리 및 감독 하에 있지 않기 때문에 근로시간으로 인정되지 않는다는 주장이 있습니다.',
 '하지만 여전히 사용자의 지시에 따라 이동 시 거리적 제한이 주어지는 것은 사실이며, 이 때문에 노동자는 헌법상 보장된 거주지 이전의 자유를 포기해야만 합니다.',
 '또한 호출대기 기간에는 추석이나 설날과 같은 명절에도 본가에 찾아뵙지 못하고 항상 병원 근처에 상주해 있어야 합니다.',
 '뿐만 아니라 사용자의 지시를 어기고 병원에서 멀리 벗어나 호출에 응하지 않은 경우에는 응급의료 요청을 받은, 응급의료를 제공하는 당직 의료인력이 정당한 사유 없이 이를 거부하거나 기피한 것으로 간주되어 응급의료에 관한 법률 위반 소지가 될 수 있습니다.',
 '이 지시를 지키기 위해 저희는 호출대기 기간에는 상시 연락이 가능하도록 준비된 상태여야 하며, 호출시 병원으로 빠른 복귀를 위해 주말, 공휴일 혹은 새벽과 같은 휴식시간에도 많은 제약을 갖고 있습니다.'"
2020-02-26,585714,코로나로인한 소상공인 부가세 일시적 면제,"이번 코로나 19 사태로 인하여 전국민 모두가 힘들고 어렵습니다. 
그중 소상공 자영업자 정말 하루하루 힘들게 버티고 있습니다. 
정부에게 청원컨데 한시적으로 소상공 자영업자들에게 부가세를 면제 해주기를 희망합니다."
2020-03-30,587437,코로나 자가격리 위반 확진자들에게 구상권 청구를 요청합니다.,"그러나 질병관리본부에서 아무리 관리하고, 아무리 방역하고, 아무리 많은 검사를 돌려도 자가격리를 지키지 않고 돌아다니다 결국 확진이 나는 소수 때문에 선량한 다수의 피해가 너무 막심합니다.',
 '이에, 자가격리 수칙을 위반하고 다니다 적발될 경우, 구상권을 강력하게 청구하셨음 합니다.'"
2020-04-01,587552,무기한 휴원 연장으로 인한 어린이집 교직원들의 급여 또는 보육료를 보장하는 대안을 마련해주세요.,"인건비 지원'인 '국공립 어린이집'이 아닌이상 원아의 보육료로 어린이집을 운영하는 입장에서 장기화된 휴원으로 인한 아동퇴소등의 보육료 공백에 대한 대책이 있는건지 또 대책이 있다면 어떤 지원을 기대할 수 있는건지 알고 싶습니다."",
 ""지금 현재 어린이집 운영자의 입장에서 퇴소원아가 발생하더락도 '아동대 선생님 비율'로 인해 교사들을 해고할 수 도 없고 긴급보육을 무조건 진행하라고 하는 보건복지부의 명령에 의해 지금 현재는 손해를 감수하고 진행하고 있으나 장기화 되는 휴원연장으로 인한 어린이집에 대한 손해에 대한 대책이 마련되어있는건지요."",
 '근데 이럴 수도 없는 어린이집 운영자의 입장에서 시공군 및 보건복지부 그리고 나라 정책을 움직이는 윗분들의 대책을 듣고 싶습니다.',
 '어떤 지원도 없는 참담한 상황의 운영자 입장에서 차라리 휴원을 하면 원의 최소한의 월세 및 관리비 정도만 지출하면 되지만 긴급보육을 하라 하시면 교사는 출근하니 인건비 및 식비, 교재비 등등 지출사항들은 더 많이 지출되고 있습니다.'"
2020-05-06,588649,동행정복지센터 사회복지직 공무원들은 지금 죽어납니다,"하지만 저소득층 한시생활지원, 지자체 긴급재난생계지원, 정부형 긴급재난지원금 이 모두를 기존 업무도 많은 사회복지직 공무원들이 다 맡고 있습니다.'"
2020-06-09,589567,민원들의 폭행에 죽어나가는 사회복지공무원의 처우개선을 부탁드립니다,"정말 몇년전부터 계속해서 사회복지공무원이 과중한 업무와 스트레스로 자살하는 사건들, 민원인의 칼에 손·얼굴·목을 다쳤던 사건이 있어왔지만 현실적이고 실행가능한 해결책은 나오지않고 있었습니다.',
 '현실적이고 실행가능한 해결방법을 강구하시고 꼭 개선해주시길 간절히 부탁드립니다.'"
2020-07-13,590596,교회식사제공금지철회 청원,"교회의 식사제공금지를 중앙재난안전대책본부가 발표했다. 
규준도 없이 무조건적인 식사금지의 형평성이 문제가 된다. 
모든 식당이 문을 닫아야하며, 
공무원 식당도 모두 폐쇄되어 제공하지 말하야한다. 
교회만은 타킷으로 삼아 식사제공 금지등의 조치를 취하해 주시고, 
공평과 탕평으로 모두가 인정되는 기준을 가지고 
동일하게 적용할 수 있는 조치를 취해주시길 
간곡히 부탁드리며 이에, 청원하는 바 입니다"
2020-08-18,591740,전국민 이동 벌초 및 추석명절모임을 금지해주세요,"코로나가 잠잠하고 지역감염이 적은 상황이라면 조심스레 명절을 나도 되겠지만 지금 통제불능으로 지역감염, 깜깜이 확진자까지 광범위하게 퍼지고 있고 이상황에 벌초와 추석은 불에 기름을 들이붓는 격입니다.'"
2020-09-04,592444,2차 재난지원금을 모두에게 선별 없이 지급해주세요.,"코로나19라는 유례없는 위기를 맞고 있는 모든 국민들에게 2차 재난지원금이 지급되어야 한다고 목소리를 내고자 청원을 올리게 되었습니다.',
 '무엇보다 선별 없이 1차 재난지원금을 받았던 모든 국민들은 알고 있습니다.',
 '정부와 국회는 재난지원금 지급을 원하는 간절한 국민들의 목소리를 듣고 재난지원금을 모두에게 조건 없이 지급해주십시오.'"
2020-10-02,593206,보육교사들을 도와주세요,"그나마 정부에서 교사를 위한 정책으로 보조교사, 시간연장반교사를 지원해 주어서 많은 어린이집들이 혜택을 보았습니다.',
 '심지어 원장딸이나 가족중 보육교사 자격증을 갖고 있는 사람을 명단만 올리고 나오지도 않는 유령교사로 나라의 보조금을 빼돌리는 양아치같은 행동을 하고 있습니다.',
 '그렇지 못할꺼면 보조교사와 시간연장반 보조금을 우리 보육교사 정담임들에게 돌려주십시요.'"
2020-11-30,594292,제3차 전국민정부재난지원금을 설날전에 지급하여 내수시장을 살려라.,"제3차 전국민정부재난지원금을 설날전에 지급하여 내수시장을 살려라.',
 '15조원을 편성하여 1차때와 같이 재난지원금 편성해야 합니다.',
 '설날전에 전국민정부재난지원금을 실시해야 합니다.'"
2020-12-07,594474,코로나전쟁에 왜 자영업자만 일방적 총알받이가 되나요? 대출원리금 임대료 같이 멈춰야 합니다.,"거의 90%이상 자영업자만 희생을 시키고 있습니다.',
 '또 매월 임대료,전기세,기타 공과금을 납부해야 합니다.',
 '자영업자만 그 책임을 다 지고 납부해야 하는',
 '코로나로 집합금지가 되면',
 '대출원리금도 그 기간이 정지되어야 하며',
 '임대료도 그 기간이 정지되어야 하고',
 '공과금도 사용 못한 부분에 대한 금액이 정지되어야 하고',
 '같이 정지되어야 합니다.',
 '왜 코로나 전쟁에 자영업자만 총알받이로 내몰려야 하나요?',
 '왜 자영업자만 희생이 이리 커야 하나요?'"
2021-01-05,595373,코로나 긴급보육으로 가정양육수당을 받고자 퇴소하는 원아로 인한 어린이집 운영이 어렵습니다,"가정보육을 하는 가정에서 등원하지 못하는 ', '가정양육수당을 받고자 12월 말 날짜로 ', '가정보육을 하는 가정도 굽어 살펴 '"
2021-02-08,596318,"대통령님, ""예배중 감염은 없었다""는 안전문자를 발송해주시기 바랍니다.","윤태호 중앙사고수습본부 방역총괄반장은 1일 백브리핑을 통해 ""교회의 경우 밀집도가 낮고 사전의 방역조치들이 이뤄져 지금까지 대면 예배를 통한 감염은 거의 없었다""며 ""밀집도를 유지하고 방역수칙을 준수한다면 대면 예배 자체가 감염위험도가 높은 행위는 아니라고 판단했다""고 밝혔습니다 https://www.newspim.com/news/view/20210201000657 이것은 그동안 ""마스크를 쓰면 어깨를 맞대고 타는 지하철은 안정하다며, 1미터씩 떨어져 앉는 예배는 감염될 수 있다는 것은 비과학적 주장이다""며 기독교계가 주장해 온 바가 맞았음을 보여 주는 결과입니다.',
 '정부는 정부의 브리핑과 교회 예배 규제 행정명령이 비과학적인 면이 있었음을 언론사 브리핑에서 인정하고, 교회와 기독교인들의 피해를 복구하기 위해 보도해 줄 것을 요청하시기 바랍니다.',
 '정부는 지자체장들에게도 비과학적인 예배 금지 행정명령 남발을 하지 말 것을 요청하고, 지자체 안전문자로도 위의 첫번째 안전문자 내용을 시도민들에게 전송하여, 코로나 방역과 무관하게 특정 그룹을 혐오대상화 한 것에 대한 피해를 복원하도록 해주시기 바랍니다.'"
2021-03-03,596780,4차 재난지원금 집합제한업종에 매출비교는 너무 잔인하고 불공정합니다.,"특히 코로나 시대에 경쟁력을 확보하기위해 공격적인 마케팅을 실행하여 매출이 증가한 곳도 있습니다.',
 '이러한 곳은 코로나가 아니었다면 대폭 증가했을 매출이 소폭 상승한데 그쳤을 것이며 이런 노력을 했다하여 지원금을 못받는다면 너무 억울한 상황에 놓이게 됩니다.',
 '모든 자영업자가 코로나 시대에 매출을 회복하기 위해 끊임없는 노력을 했고 그것은 죄가 아닙니다.'"
2021-04-20,597745,4차 재난지원금 잘못된 매출비교 완전히 바꾸어 주세요,"그러나 지금 실시되고 있는 4차 지원금 정책은 오히려 소상공인들에게 혼란과 좌절감과 무기력함을 주고 있습니다.',
 '든든한 버팀목이 되겠다는 나라의 정책이 오히려 좌절감과 무기력함을 주는 꼴이 된 것이죠.',
 '만약 기준점을 만들기 위한 것 이라면 2019년에 특별한 상황이 있어 매출이 줄었던 업소는 어찌 구제할 겁니까?',
 '실제 주변에서도 영업제한 시간 이전에는 삼삼오오 모여 마스크 착용없이 흡연이나 대화, 식사중 수많은 대화와 떠들고 웃는 광경들이 드물지 않습니다.',
 '제발 집합금지, 영업제한, 일반 업종 매출 감소 등...해당 소상공인에게 지금이라도 늦지 않았으니 매출 비교니, 반기별 비교니 잣대 들이대지 마시고 형평성있게 지원해 주시기 바랍니다.'"
2021-05-04,598147,암암리에 일어나고있는 약사에 대한 의사의 지원비 및 리베이트 상황에 대한 대책을 마련해주세요.,"병원이 있어야 영업이 되는 약국의 사정상 선택의 여지가 없던 아들은 이전할곳의 임대차계약서까지 작성했습니다 임대차 계약작성을 하자마자 원장C의 가족인 건물주 B는 기존에있던 약국에 새로운 약사임차인을 데리고 오는조건이면 임대차계약을 해지해주고 보증금을 반환해준다고 하였습니다.',
 '그런데 새로운 약사 임차인을 데려온 다음날 건물주 B는 가족인 원장C의 지원금 명목으로 보증금 2억중 7천만원을 공제한 나머지 1억3천만 줄것이라고 통보하였습니다 아들은 처음과 얘기가 다르지 않냐며 지원금을 줄수없다고 하자 건물주는 2억중 1억2천6백을 제외하고 7천4백만원 줄것이라고 협박했으며 임신 중이었던 저희 며느리에게 전화상으로 협박도 하였습니다.',
 '이 때문에 저희 아들은 정신신경과 진료를 보기도 하였습니다.'"
2021-06-07,598911,건강보험공단 고객센터(콜센터) 직영화 및 직고용을 반대합니다.,"현재 공단의 직원으로서 고객센터(콜센터)의 직영화 및 직고용 주장으로 인해 피해를 보고 있는 한사람의 직원으로서 그리고 이러한 직고용이 실행되면, 지금의 건강보험료 적자 피해에 더해서 이부분을 끌어앉아야 하는 한사람의 국민으로서 청원을 올립니다.',
 '현 정부에서 추진하는 “비정규직 철폐” 주장으로 수 많은 공공기관에서 비정규직이 직고용 되거나 직영화 혹은 정규직(무기계약직포함)으로 전환 되었습니다.',
 '한국도로공사를 자회사로 정규직 전환을 마쳤으나 도로공사 자회사 직원들은 지금까지도 자회사가 아닌 본사 직고용을 끊임없이 주장하고 있습니다.',
 '인천국제공항공사는 코로나 및 정규직 전환으로 인해 지난해 첫 적자에서 올해는 8600억여원으로 적자가 늘어나고 있습니다.',
 '무조건적인 직고용, 직영화는 아니라고 생각합니다.'"
2021-07-30,600211,코로나는 보육교사만 걸리는가?,"보육시설에 10인이상 확진자 나오면 어린이집 각종 지도점검에 보육인 1달 1회 선제검사를 2회선제 검사로 늘린다며 부모들 선제검사는 권고일 뿐이고 부모들의 긴급보육 사유에 제한을 두지 말라는 공문을 전달 받았습니다.(결국 다 맡겨도 된다는 공문) 확진자 생김 왜 모두가 보육인의 책임으로 몰고 가는지?',
 '내 애가 힘들고 귀찮게 느껴지면 애를 낳지 말게 해야지...무조건 낳으면 봐준다 공수표 날리더니..코로나 터지니 부모들에겐 말 못하고 일선에서 힘들게 노동하는 보육인들에게 책임전가 하는 건 너무한 거 아닙니까?',
 '매번 코로나 걸림 마녀사냥 당할까봐 노심초사 다니는것도 조심하고 매달 선제검사에 예방접종까지 한 보육교사가 위험한가요?',
 '그럼에도 긴급보육 사유에 제한을 두지 말라구요?',
 '정확한 지침을 만들어 줘야지...권고만으론 부모님들 알아서 가정보육 할까요?',
 '이러다..코로나 뚫림 어린이집 지도점검에 교사들 선제 검사 늘린다는데..우린 이런 상황에 누구에게 탓할 수 있나요?',
 '이런 와중에 보육교사만 방역 지킴 코로나 막을 수 있나요?'"
2021-08-20,600652,소상공인지원 제외된 업종,"떡류는 집합금지 업종이 아니라는것인데, ', '그럼 집합금지 업종이 요즘 호황을 누리는 곳은 어찌 생각하십니까?'"
2021-09-01,600983,"""위드 코로나""를 선포하고, 거리두기 전면 개편을 통해 자영업자의 영업권을 보장해 주세요","""위드 코로나""를 선포하고, 거리두기 전면 개편을 통해 자영업자의 영업권을 보장해 주세요.',
 '위드 코로나를 선포하고 자영업자·소상공인의 영업권을 보장해 주세요.'"
2021-10-28,601999,편의점 업종 제외 철회 요청,"그리고 휴게음식업 허가를 받은 편의점 업장이고 2,3,4,5차 재난지원금도 받았고, 방역수칙 이행하면서 영업하였고, 정부에서 21:00 ~ 05:00 방역수칙 지켰고 4단계 영업제한 조치도 이행하였습니다.',
 '영업제한: 행정명령상 관련 거리두기 지침에 의거하여 정부가 정한 법정 영업시간을 제한 받는 것 영업시간제한: 거리두기 강화에 따라 행정명령상 정부가 정한 법정 영업시간을 제한받아 문을 닫는 것 자 다른게 뭔가요?',
 '편의점하는 사람들은 24시간 영업의 무기로 제외 시키는 건가요?'"
2021-11-29,602602,영등포구 소재 국공립 어린이집 육아휴직 거부 신고합니다.,"20년 10월에 개원한 어린이집에서 개원과 동시에 같이 일을 시작해 오픈멤버입니다.',
 '그 이후 21년 11월1일, 2일 두차례 더 육아휴직과 관련해서 요청을 드렸으나 절대 줄 수 없다며 그냥 3월부터 실업처리를 하고 실업급여를 주겠다는 말뿐이었습니다.'"
2021-12-14,603008,코로나가 백신패스로 잡힌다고 보십니까?,"여태 정부의 방역을 2년 가까이 문닫으라면 문 닫고 단체손님 받지마라하여 받지않고 다 따라주었지만 결과는 무엇입니까?',
 '2차 백신접종률80%임에도 불구하고 백신을 맞지 않았던 예전에 비해 하루 확진자가 크게 늘어 나는 건 통계학을 접하지 않은 저로써도 도저히 이해가 가지 않는 수치들입니다.',
 '하지만 이번 코로나백신은 말도 많은 기저질환자에 대한 임상실험은 하지도 않고 급하게 끝낸 안정성이 확보되지 않은 백신을 왜 국민들에게 강제하며 맞추는지 의문입니다.',
 '자영업자들이 감시자들도 아니고 왜 방역을 지키지 않는 국민은 벌금 10만원 자영업자는 150만원인지 이해가 가지 않습니다.',
 '저희는 K방역이라고 분명 초반에 코로나방역이 성공했던 나라였습니다.',
 '부디 개인의자유를 침해하지않는선에서 예전 방역성공했을때와 지금 뭐가 다른지를 제대로 고민해보시고 이렇게 쉬운 문제의 답을 하루 빨리 찾아 마스크 없는 일상을 찾을 수 있게 꼭 도와주십시요.'"
2020-01-07,584339,백반증 환자 보험  적용해주세요,"하지만 그것도 얼마 안되어서 더 이상은 치료를 할수없을것 같습니다 ',
 '그런데 비보험 부위 (무릎 위와 몸통 부분)는 보험이 안되어서 500원 동전크기만큼이 시술비용이 일백만원이라하네요 ',
 '제발 비보험부위와 백반증 환자들이 쉽게 치료를 받을 수 있도록 작은소리를 들어주세요'"
2020-02-26,585659,도수치료시 반드시 부작용에 대한 '의무고지'와 '동의서'를 받아야 된다고 생각합니다.,"엑스레이 결과 척추가 휘어있고, 어깨의 균형이 한곳으로 치우쳐 있으며, 목도 거북목이라고 했고, 이것 때문에 어깨 통증이 안 낫는다고 하며 도수치료를 받으라고 했습니다.',
 '그때까지 도수치료가 뭔지도 잘 몰랐고, 병원에서 알아서 잘 해주겠거니 생각하고 그 병원의 도수치료사에게 치료를 받았습니다.',
 '그런데 도수치료가 다 끝나고 약 2주가 안된 시점에서 도수치료를 받은 부분(등 전체)가 갑자기 두들겨 맞은 것 같은 통증이 시작되었고 몇 주 간이나 계속되었습니다.',
 ""그래서 저는 도수치료시에 환자에게 도수치료의 부작용에 대한 '의무고지'와 '동의서'를 반드시 받게 해야 된다고 생각합니다."",
 '맨 손으로 하기 때문에 별로 부작용이 없을 것이라 생각하기 쉽지만, 전문 교육을 받은 치료사의 손은 잘못하면 흉기가 될 수 있습니다.',"
2020-04-10,588004,청주시청이 충북희망원 고아들에게 벌인짓을 처벌해주세요.,"그런데 청주시청에서는 아이들을 도와주려 서울에서 청주까지 내려오신 단체대표를 아동들을 학대한다고 거짓진술하며 고아권익연대를 고발했습니다, 청주시청의 만행은 여기서 끝이 아닙니다.',
 '더 심하게는 청주시청이 각 시설국장들에게 아이들이 집에 돌아오지 않으면 통고제를 통해 아이들을 소년원,정신병원에 보내라고 지시했습니다.',
 '청주시청에 만행은 더 있습니다, 가정형편이 어렵거나 집에 사정이 있어 고아원에 오게 된걸 알면서도 아동이 동의하지도 않았는데 강제적으로 집으로 보내겠다고 협박했습니다.',
 '문제는 이 농수산물의 범위를 희망원까지 포함시킨다는것이죠.아이들이 솔직히 뭔죄가 있습니까?',
 '이 고아원에 문제가 있는것을 빌미로 삼아서 희망원응 패쇄시키고 농수산물을 도입하려는것이 그들의 최종목적입니다.정말 비열하고 비겁한 짓 아닙니까?'"
2020-05-12,588814,사람을 불구자로 만들고 아무런 책임도 지지 않는 한 대형척추병원의 행태를 고발합니다.,"'하루하루 힘겨운 삶을 살아가고 있는 저와는 달리 그 병원은 현재 코로나바이러스 국민안심병원으로 지정까지 되었습니다.', '( 유튜브에서 ’허리디스크 틱장애‘를 검색해보시면 제 증상을 보실 수 있습니다) 이 허리가 튀는 증상은 하루 24시간 내내 몇 백번이고 크고 작게 왔으며, 이로 인해 매일 자다 깨길 반복하여 잠도 편히 자지 못하게 되었습니다.'"
2020-07-16,590862,섬유근육통 중증환자 산정특례 적용 및 CBD오일의 대상 확대와 건보료 적용," '이제는 몸이 닿지 않아도 사포로 미는 듯한 통증이 지속돼서 어떻게 이 몸으로 하루를 버텨야 할지 매일 눈물로 지내고 있습니다.',
 'CBD 오일 처방과 건강보험료 급여화 말씀드린 것처럼, 섬유 근육통은 암 환자만큼 아픈 사람도 많고 그 이상의 고통을 겪는 환자도 많습니다.',
 '그런데도 마약 진통제 처방도 제대로 받을 수 없고 약이 없다 보니까 정신과 약과 진통제를 복용하며 온전히 하루 종일 통증으로 인해 고통 속에 살고 있습니다.',
 'CBD 오일은 대마 오일이라고 해서 우리나라의 경우 특정 질병에 대해서만 사용할 수 있도록 되어 있고 가격도 비급여로 극소량이 100만 원이 넘는 가격으로 구매해야 하는 것으로 알고 있습니다.',
 '당연히 저희 같은 통증 환자는 이 오일을 복용할 대상자로 분류되어 있지 않아서 구매를 할 수가 없습니다.',
 '해당 오일을 남용하게 되는 우려로 복용을 엄격하게 규제하고 있는 것을 이해하지만, 저희와 같이 특별한 약도 없이 온몸의 통증을 매일 겪는 사람들에게는 너무나 간절한 것이기에 CBD 오일을 복용할 수 있도록 기준 완화 및 건강보험료 적용을 원합니다.',
 '아픈 사람들이 조금이라도 덜 고통스럽게 살기를 간절히 바라며 청원 게시판에 올린 이 글이 우리 섬유 근육통 환자들에게 도움이 되기를 바랍니다.'"
2020-08-27,592098,대학병원(상급종합병원)에 병고치러간 장모님이 시신으로 돌아왔습니다.,"지역 내 명망 있는 병원에서 상식적으로 도무지 납득되지 않는 사망사건을 겪게 되어 하소연하기 위해 글을 올리게 되었습니다.',
 '2020년 8월 12일 21시 경, 인천 권역별응급광역센터와 외상센터를 겸하고 있는 상급종합병원인 ****병원에서 저의 장모님을 잃게 되었습니다.',
 '아내와 함께 잠을 못 이루며 병원 측의 CT 판독 결과를 기다렸는데 이러 저런 이유로 결과 통보를 받게 된 것은 CT촬영 이후 15시간이 경과한 17시 경 급하게 수술을 해야 한다고 수술 동의서에 싸인을 하라고 해서 동의서 설명을 듣는 과정에 장모님은 심정지가 발생하여 다섯 번의 심폐소생술을 시도하였지만, 장모님은 아무런 유언 한마디 못하시고 싸늘한 주검이 되었습니다.',
 '어떻게 서해권역 응급의료센터에서 평일 오후에 수술할 의사가 없다고 환자를 다른 병원으로 옮기라고 할 수 있습니까?',
 '최소한의 직업윤리라도 갖춘 다른 병원에 누워계셨다면 저희 장모님은 지금 저희와 함께 계실 수 있었을 것입니다.'"
2020-09-21,592941,응급환자 코로나방역관리,"입원과 통원을 반복하고있는 중이며 통원치료시에도 감염이나 합병증세가 생기면 위급한 상황입니다.',
 '입구에서 코로나 검사에 고열로 제지당했고 들어왔던 길로도 갈수없고, '"
2020-10-05,593255,발암물질이 검출된 생리대 명단 공개를 요청합니다.,발암물질이 검출된 생리대 명단을 가능한 빨리 투명하게 공개해주시고 이 문제에 대한 대책을 강구해주기를 요청드리는 바입니다.'
2020-12-04,594399,부작용면책 코로나백신 군인우선의무접종 반대합니다,"백신개발사들이 부작용면책을 조건으로 협상을 진행한다고 합니다. 
코로나방역이 군에서는 특히 엄격한 현실로 미루어보면, 
군인들대상 우선접종을 예상할수있습니다. 
민간인은 부작용을 우려 접종을 뒤로 미룰수 있으나 군대상 강제접종시 군인의 신분상 거부할수 없습니다. 
제 아이도 군 복무중입니다. 
부작용 우려가 단 1%라도 있다면 군인대상 강제접종은 절대로 있어서는 안됩니다. 
모두 우리의 아들입니다. 
국민의 의무를 다하기 위해 군에 가있는 우리 아들들이 부작용백신의 실험대상이 되어선 안됩니다"
2021-01-29,596120,생활이 어려운 여성들을 지켜주세요. (생리대 가격),"제목에서 보신 것과 같이 저는 생활 또는 형편이 어렵거나 생리대를 꼭 필수로 사용하며 몇십년을 이어갈 지출에 대한 문제를 말씀 드리려 합니다.', '그러나 저 말고 저와 같은 상황, 비슷하지만 조금씩 다른 상황 등 아무리 돈이 많다고 한들 필수로 사용해야되는 생리대를 구입하기 위한 지출은 그 누구도 간당이 어려울 거라 생각은 어떻게 안 하십니까?',
 '저출산에 대해 고민할 것이 아니라 생리 때문에 스트레스 받고 힘들어하는 여성들이 생리를 하지 않게 하는 시술이나 수술 등을 막기 위해서라도 생리대 가격을 인하 하는 것이 맞는 것 아닌가요?',
 '그렇게 저출산과 나라의 안정을 위한다는 분들께서 이렇게 하시면 아직 어린 우리 청소년분들과 그 외에 성인이어도 형편이 어려운 여성분들은 도대체 어떡한답니까?',"
2021-02-22,596578,광주 **병원에서 발생한 질병환자 수술을 외면한 건,"병원” 진료과정에 신경외과 의사는 MIR CD만 검토하면서 본인에게 “하반신 마비”가 올수 있다고 자기(**병원) 병원에서 MIR 촬영을 권유하여 촬영후 의사의 MIR판독의 설명을 듣고 수도권 병원에서 수술하게 되면 환자 본인과 보호자의 어려움과 경제적인 문제가 어려워서 수술을 하기로 결심,3일 뒤에 수술에 앞서 각종 검사를 해야 하기 때문에 “지난 치료 병력 사본”을 가지고 오라고 의사와 보조 간호사가 말해 제출 했는데.',
 '신경외과 의사는 검사기록부를 확인, 우리병원<**병원>에서는 수술을 할수 없고 협진과 있는 종합병원으로 가라는 말에 매우 실망스러웠습니다.',
 '제가 수술을 하고자 하는 < **병원>에서 마치 수술을 할 것같이 환자에게 말을 했는데도 <내과> 의사는 <수술거절>로 실망스럽다는 것은 국가의 의료정책을 위배 되지 않은지를 묻고 싶다는 생각임을 말씀드리며, 각종질병을 치료하기 의해서 모든 국민의 발걸음이 헛되지 않기 위한 진실과 믿음으로 공정한 의료정책이 국민에게 실행될 수있게 국민의 한 사람으로서 용기를 내어 대통령님에게 청원의 글을 올림니다.'"
2021-03-10,596911,코로나 백신 부작용 인정 및 보상이 정말로 가능한지 의구심이 듭니다.,"하지만 코로나 백신 접종 후 이상증세를 직접 겪어보니 과연 정부가 정말로 코로나 백신 부작용 사례에 대해서 인과관계를 인정해 줄 의향이 있는 것인지 허울뿐인 제도인지 그 실효성에 의문이 들어 글을 남깁니다.',
 '- 사촌 동생은 20대 중반의 건강한 남성으로 평소 기저질환이 전혀 없고, 코로나 백신 접종 1달 전 건강검진시 건강상 특이사항이 전혀 없었습니다.',
 '- 관할 보건소에는 코로나 백신 부작용 보상이 이루어지기 위해서는 이상증세가 코로나 백신의 부작용이라는 인과관계를 진단해줬을 경우에 한하여 진단서 등 필요 서류를 갖춰 신청할 수 있다고 했습니다.',
 '- 정말로 코로나 백신 접종 후 이상증세에 대해 인과관계를 인정해주실 의향이 조금이라도 있는 겁니까?',
 '코로나 백신에 대한 안전성을 강조만 하지 말고, 그 부작용 대한 인정과 보상이 현실적으로 가능한지 묻고 싶습니다.'"
2021-04-20,597744,AZ 접종 후 사지 마비가 온 간호조무사의 남편입니다,"저만 참으면 코로나 19 팬데믹이 한여름 소나기처럼 스쳐 지나갈 것이라 생각했습니다.',
 '의료인인 아내는 우선 접종 대상자라, 백신 접종을 거부할 수도, 백신을 선택할 권리도 없었습니다.',
 'AZ 백신 접종을 하고, 정부의 말만 믿고 괜찮아지겠지 하며, 진통제를 먹어가며 일했습니다.',
 '호전되기를 기다렸지만, 아내는 백신 접종 후 19일 만인 지난달 31일 사지가 마비되어 병원에 입원하게 되었습니다.',
 '치료비와 간병비 문제입니다.',
 '일주일에 400만 원씩 나오는 치료비와 간병비를 서민이 어떻게 감당할 수 있겠습니까?',
 '보건소에서는 치료가 모두 끝난 다음 치료비와 간병비를 일괄 청구하라고 합니다.',
 '의학자들이 풀어내지 못하는 현상을 의학지식도 없는 일반 국민이 그 인과관계를 어떻게 입증해야 하는 것입니까?'"
2021-05-17,598422,기저질환 없던 엄마가 아스트라제네카 백신을 맞고 6일만에 돌아가셨습니다.,"저희 가족은 접종 이후 일주일간 어머니께서 겪으셨던 증상을 토대로 AZ백신의 부작용을 의심하고 있습니다.',
 '저희 어머니는 정기적으로 건강검진을 받으셨고, 특별한 기저질환 없이 검진 결과가 좋았기 때문에 갑작스럽게 돌아가시게 된 원인을 AZ백신 말고는 생각할 수가 없습니다.',
 '그러나 역학관리조사와 피해조사 회의 결과가 궁금하여 담당 보건소를 통해 어머니의 사망 사고를 담당 중인 경북도청에 연락을 취해보니 1차적으로 예방접종 당시 아나필락시스 쇼크가 있었다해도 사망 당시에는 쇼크로 인한 사망이 아니고, 사망 전 가슴이 답답했던 것으로 보아 심장질환으로 인한 사망일 것이라며, 정밀부검결과를 기다려보겠다고 합니다.',
 '“정말로 백신 부작용에 대한 대비가 되고 있는 것이 맞습니까?” 물론 저희 어머니께서 백신 접종이 없을 때도 발생하는 자연 사망에 해당될 수도 있습니다.',
 '정부를 믿고 백신을 접종했던 저희 어머니께서 잘못하신 건가요.',
 '어머니께서 왜 돌아가셨는지, 그 이유가 백신 접종이 맞는지 명확한 데이터와 조사 결과, 정부의 적극적인 진상 조사만이 저희 가족을 위로할 수 있습니다.'"
2021-06-25,599376,[ 백신 접종 후 '급성 횡단성 척수염' 진단을 받고 사경을 헤매는 요양보호사 저희 어머니를 외면하지 말아주세요 ],"""[ 백신 접종 후 '급성 횡단성 척수염' 진단을 받고 사경을 헤매는 요양보호사 저희 어머니를 외면하지 말아주세요 ] 저희 어머니는 지난 4월, 아스트라제네카(AZ) 백신 접종 후 현재 ‘급성 횡단성 척수염’ 진단(희귀병)을 받으시고, 중환자실에서 사경을 헤매고 있습니다."",
 '하지만, 앞에서도 언급했던 것처럼 저희 어머니는 이 백신을 맞고 ‘급성 횡단성 척수염’ 진단을 받았음에도 불구하고 정부로부터 아무 도움을 받을 수 없었습니다.',
 '정부가 부작용에 대해 대응해 줄 것을 약속했기 때문에 어머니는 그것을 믿고 백신을 맞았지만 그 결과가 몇 프로 안되는 부작용 대상자가 되었고, 일상으로의 복귀가 불가능할지도 모르는 중증 상태입니다.',
 '둘째, 백신 부작용 환자에 대한 정부의 선제적 치료 지원을 요구합니다.',
 '앞에서도 언급했지만 저희 어머니는 생업을 위해 어쩔 수 없는 ‘백신 접종’이라는 선택을 하였고, 그 결과, 전신 마비로 인해 어머니의 생업이 중단됨은 물론 기약 없는 치료와 지출이 발생하고 있습니다.',
 '그러나 이를 믿고 백신 접종을 해 부작용이 발생한 저희 어머니는 현재 정부에서 아무 지원 혹은 책임도 받지 못하고 스스로의 힘으로 극복해나가야 하는 상황에 처해 있습니다.'"
2021-07-12,599712,QR코드 접종증명서 인증 결사 반대 및 백신 미접종자에 대한 차별은 폭력이다,"하지만 현재 코로나 백신으로 많은 사람들이 죽어가고 있고 호흡곤란, 메스꺼움이나 사지마비, 뇌출혈 등의 부작용이 속출하고 있습니다.',
 '1차 접종후 심각한 휴유증을 겪는 사람의 주변 가족 및 친구들은 결국 백신접종을 거부할 가능성이 크고 1차 접종후 호흡곤란 및 두통증상을 겪는 사람에게 2차 접종을 요구하는건 폭력입니다.',
 '백신접종후 심각한 부작용 및 통증이나 호흡곤란이 두려워서 백신을 거부하는 사람이 죄인입니까?',
 'https://newsis.com/view/?id=NISX20210608_0001468624&cID=10101&pID=10100 그리고 또 아래의 링크는 릭 스콧 공화당 상원의원이 백신여권을 금지하는 법안을 발의했다는 외신보도 기사입니다.',
 ""https://newsis.com/view/?id=NISX20210603_0001464326&cID=10101&pID=10100 유럽의회에서 코로나 백신을 강제하거나 백신 미접종자에게 차별을 금지하는 '백신의 윤리적 법적 실제적 고려'라는 제목의 결의안 2361을 찬성115, 반대2, 기권13의 압도적인 표차이로 유럽의회에서 통과되었습니다."""
2021-08-09,600417,코로나 백신 화이자2차접종후 다음날사망,"수술이력도없도 기저질환환자도 아닌 35세 건강한 여성이였습니다.
출산 후 5월에 재취업을해 어린이집교사입니다 너무 분하고 억울하고 많이힘이듭니다. 
지금은 부검을 요청해논 상태이고 월요일 부검예정입니다.
빠른시일내에 처리가 될수있게 부탁드립니다."
2021-09-24,601404,화이자 1차 접종후 하루아침에 제 남편과 두 아이의 아빠를 잃었습니다.,"화이자 1차 접종후 하루아침에 제 남편과 두 아이의 아빠를 잃었습니다.',
 ""그 어린 애들이요… 저희 남편은 화이자 접종 후 부작용 증상을 느낀 즉시 병원에 내원 하였는데, 결국 결과는 '사망'이라니 어디서부터 무엇이 잘못된 걸까요."",
 ""'안전'하다는 국가의 말을 믿고 백신 접종에 적극적으로 나섰으나, 저희 가족의 결과는 참담합니다."",
 '남편이 입원시점부터 현재에 이르기까지 호흡곤란과 가슴통증을 계속 호소하는데, 폐부종에 관해서만 치료하는 것이 맞냐고 물음.',
 '급히 입원중인 ㅇㅇㅇㅇ병원으로 갔을 때 남편은 산소호흡기를 쓰고 있었고, 가슴을 움켜쥐고 고통스러워하며 맥없는 모습으로 들 것에 실려 구급차로 옮겨지고 있었음.',
 '남편의 심장은 기계 도움 없이는 거의 뛰지 않는다고 함.',
 '남편은 그렇게 인사조차 할 수 없는 상태에서 차갑게 식어가다 세상을 떠났음.',
 '결과적으로 화이자백신 접종후 급격하게 심장의 무리가 와서 남편이 사망에 이름.',
 '화이자백신 부작용으로 인한 저희 남편의 갑작스러운 죽음 또한 인정해 주시기 바랍니다.'"
2021-10-01,601501,백신패스 반대합니다,"미국 영국 질병청에 보고된 부작용 중증사망자는 아시겠지만 코로나 사망자수를 훌쩍넘기고 있습니다.',
 '지금의 현상황은 백신이 답이 아니니까요 더구나 개인 질환 체질 알레르기 부작용으로 백신완료를 못한분들도 있는데 백신을 무조건 강제할수 있나요.'"
2021-11-26,602510,백신패스(일명 방역패스) 다시 한 번 결사 반대합니다,"안 그래도 위드 코로나가 시행되면서 백신 패스가 도입된 것에 대하여 그리 달갑지 않은 시선이었고 개인적으로도 백신 부작용에 대한 불안 때문에 백신 1차조차 아직까지 맞지 못하고 있는 상황인데, 왜 이렇게 백신패스 확대에만 혈안이 되어 있는지 이해가 가지 않는 것 같습니다.',
 '이렇게 백신 부작용으로 위중증 질병에 걸리거나 사망에 이르는 사례가 계속 나오게 되면 백신에 대한 국민들의 신뢰도는 당연히 하락할 수밖에 없으며 코로나 안 걸리자고 백신 맞다가 오히려 맞고 죽을까 두려워서 접종을 거부하게 되는 것입니다.',
 '백신패스를 반대하는 이유 세 번째는 ""부스터샷(추가접종)을 요구하기 때문""입니다.',
 '백신패스를 반대하는 마지막 이유 네 번째는 ""PCR 검사까지 유료화시키겠다는 정책 때문""입니다.',"
2021-12-06,602773,21세 유도선수인 제가 화이자 1차 접정 후 급성 골수성 백혈병 진단을 받았습니다.,"2021년 9월 6일 잠을 자고 일어났는데 갑자기 왼쪽 팔에 피멍이 들었습니다.',
 '그래서 급하게 구미 *** 병원 응급실로 향했고, 선생님께서 결과지를 보시고는 더 큰 병원을 가야한다는 말씀 뿐이셨고, 저는 감염내과가 있는 칠곡 ***학교 병원에서 피검사를 재검사했습니다.',
 '하지만 하루라도 치료가 늦으면 더 심해질 것이라는 생각에 부모님과 상의 후 2021년 9월 11일 새벽에 서울 성모병원 응급실로 갔습니다.',
 '하지만 응급실에 결과지를 보여주고, 피검사를 다시 해보아도 백혈병이라는 진단은 변함없었습니다.',
 '그런데 갑자기 백혈병이라는 진단이 너무 어이없고, 당황스럽습니다.',
 '처음에는 백신 부작용이라는 사실을 부정하고 싶었고, 인정하고 싶지 않았지만 저와 같은 피해자분들이 정말 많이 있다는 사실을 알게 되었고, 제가 수백번을 되돌아 생각해 봐도 백신의 부작요이 맞는 것 같다는 생각이 들었습니다.'"
